subject,csp_lda_acc,csp_lda_bal_acc,csp_lda_auc,riemann_acc,riemann_bal_acc,riemann_auc,n_test_trials,fold_seconds,timestamp
1,0.5384615384615384,0.5473684210526316,0.5421052631578946,0.48717948717948717,0.5,0.5657894736842105,39,0.94,2026-09-24T22:36:14+00:00
2,0.46153846153846156,0.4644736842105263,0.4447368421052631,0.5384615384615384,0.531578947368421,0.4710526315789474,39,1.0,2026-09-24T22:36:15+00:00
3,0.5128205128205128,0.5,0.5368421052631579,0.5128205128205128,0.5,0.5447368421052632,39,0.96,2026-09-24T22:36:16+00:00
4,0.5128205128205128,0.5,0.4736842105263158,0.5128205128205128,0.5039473684210526,0.5763157894736841,39,13.85,2026-09-24T22:38:12+00:00
5,0.5128205128205128,0.5,0.4710526315789474,0.5128205128205128,0.5039473684210526,0.5736842105263157,39,12.15,2026-09-24T22:38:25+00:00
6,0.5128205128205128,0.5,0.5868421052631578,0.5384615384615384,0.5368421052631579,0.4947368421052632,39,14.26,2026-09-24T22:38:39+00:00
7,0.5128205128205128,0.5,0.46315789473684205,0.5128205128205128,0.5210526315789473,0.5552631578947368,39,13.73,2026-09-24T22:38:53+00:00
8,0.5128205128205128,0.5,0.4473684210526316,0.4358974358974359,0.4328947368421053,0.5105263157894737,39,13.24,2026-09-24T22:39:07+00:00
9,0.5128205128205128,0.5,0.5157894736842105,0.5384615384615384,0.5276315789473685,0.5447368421052632,39,19.27,2026-09-24T22:39:26+00:00
10,0.5128205128205128,0.5,0.6210526315789473,0.48717948717948717,0.4986842105263158,0.5289473684210526,39,22.41,2026-09-24T22:39:49+00:00
11,0.48717948717948717,0.4789473684210527,0.5263157894736842,0.5384615384615384,0.5421052631578948,0.5921052631578947,39,24.04,2026-09-24T22:40:14+00:00
12,0.5128205128205128,0.5,0.4552631578947368,0.5128205128205128,0.5,0.5157894736842106,39,23.15,2026-09-24T22:40:37+00:00
13,0.5128205128205128,0.5,0.47368421052631576,0.5128205128205128,0.5,0.45789473684210524,39,17.05,2026-09-24T22:40:54+00:00
14,0.48717948717948717,0.5,0.4131578947368421,0.46153846153846156,0.47368421052631576,0.44473684210526315,39,19.43,2026-09-24T22:41:14+00:00
15,0.48717948717948717,0.4789473684210527,0.5210526315789473,0.5384615384615384,0.5421052631578948,0.5842105263157895,39,25.46,2026-09-24T22:41:41+00:00
16,0.5128205128205128,0.5,0.49473684210526314,0.5128205128205128,0.5223684210526316,0.49473684210526314,39,19.37,2026-09-24T22:42:02+00:00
17,0.5128205128205128,0.5,0.5342105263157895,0.5128205128205128,0.5078947368421052,0.47105263157894733,39,28.78,2026-09-24T22:42:31+00:00
18,0.5128205128205128,0.5026315789473684,0.5447368421052631,0.5128205128205128,0.5,0.4868421052631579,39,17.33,2026-09-24T22:42:49+00:00
19,0.5128205128205128,0.5,0.4736842105263158,0.5384615384615384,0.55,0.45789473684210524,39,15.71,2026-09-24T22:43:05+00:00
20,0.5128205128205128,0.5,0.4184210526315789,0.48717948717948717,0.49473684210526314,0.42894736842105263,39,16.59,2026-09-24T22:43:22+00:00
21,0.5384615384615384,0.5263157894736842,0.5263157894736842,0.5384615384615384,0.5394736842105263,0.49736842105263157,39,14.68,2026-09-24T22:43:36+00:00
22,0.5128205128205128,0.5,0.49736842105263157,0.5128205128205128,0.5,0.431578947368421,39,14.88,2026-09-24T22:43:52+00:00
23,0.5128205128205128,0.5,0.4447368421052631,0.48717948717948717,0.5,0.4552631578947368,39,14.61,2026-09-24T22:44:06+00:00
24,0.5128205128205128,0.5,0.5131578947368421,0.48717948717948717,0.4789473684210527,0.5236842105263158,39,14.57,2026-09-24T22:44:21+00:00
25,0.5128205128205128,0.5,0.5236842105263158,0.5897435897435898,0.5789473684210527,0.5131578947368421,39,17.01,2026-09-24T22:44:38+00:00
26,0.5128205128205128,0.5052631578947369,0.48684210526315785,0.5384615384615384,0.5263157894736842,0.5157894736842106,39,236.91,2026-09-24T22:48:35+00:00
27,0.5128205128205128,0.5,0.47368421052631576,0.5128205128205128,0.5,0.5078947368421052,39,14.53,2026-09-24T22:48:51+00:00
28,0.5128205128205128,0.5,0.5078947368421052,0.48717948717948717,0.5,0.5605263157894737,39,15.2,2026-09-24T22:49:06+00:00
29,0.5384615384615384,0.5289473684210526,0.5263157894736842,0.5384615384615384,0.5486842105263158,0.4842105263157895,39,15.14,2026-09-24T22:49:22+00:00
30,0.5128205128205128,0.5,0.4026315789473684,0.6410256410256411,0.638157894736842,0.5894736842105263,39,15.14,2026-09-24T22:49:37+00:00
31,0.5128205128205128,0.5013157894736842,0.42894736842105263,0.46153846153846156,0.4723684210526316,0.42105263157894735,39,14.42,2026-09-24T22:49:52+00:00
32,0.5128205128205128,0.5,0.47894736842105257,0.48717948717948717,0.5,0.518421052631579,39,12.84,2026-09-24T22:50:05+00:00
33,0.5128205128205128,0.5,0.47105263157894733,0.5128205128205128,0.5,0.43947368421052624,39,12.93,2026-09-24T22:50:18+00:00
34,0.48717948717948717,0.475,0.481578947368421,0.5641025641025641,0.5697368421052631,0.4842105263157895,39,12.83,2026-09-24T22:50:31+00:00
35,0.5128205128205128,0.5,0.5210526315789474,0.5128205128205128,0.5,0.5184210526315789,39,12.99,2026-09-24T22:50:44+00:00
36,0.5128205128205128,0.5,0.5,0.46153846153846156,0.47368421052631576,0.5263157894736842,39,13.01,2026-09-24T22:50:57+00:00
37,0.5128205128205128,0.5,0.5078947368421052,0.48717948717948717,0.5,0.5105263157894736,39,12.95,2026-09-24T22:51:10+00:00
38,0.46153846153846156,0.45394736842105265,0.45526315789473687,0.48717948717948717,0.4907894736842105,0.4894736842105263,39,12.86,2026-09-24T22:51:23+00:00
39,0.5128205128205128,0.5,0.4921052631578947,0.5128205128205128,0.5078947368421052,0.4421052631578947,39,13.04,2026-09-24T22:51:36+00:00
40,0.5128205128205128,0.5,0.4710526315789473,0.46153846153846156,0.46842105263157896,0.5263157894736842,39,13.17,2026-09-24T22:51:49+00:00
41,0.5128205128205128,0.5026315789473684,0.5736842105263158,0.48717948717948717,0.5,0.47368421052631576,39,13.19,2026-09-24T22:52:03+00:00
42,0.5128205128205128,0.5,0.5526315789473684,0.48717948717948717,0.5,0.45526315789473687,39,14.17,2026-09-24T22:52:17+00:00
43,0.46153846153846156,0.4697368421052632,0.4921052631578947,0.48717948717948717,0.4881578947368421,0.5105263157894737,39,12.9,2026-09-24T22:52:30+00:00
44,0.5128205128205128,0.5,0.5026315789473683,0.4358974358974359,0.44342105263157894,0.5210526315789473,39,12.91,2026-09-24T22:52:43+00:00
45,0.5128205128205128,0.5,0.5026315789473683,0.5128205128205128,0.5,0.5368421052631579,39,12.89,2026-09-24T22:52:56+00:00
46,0.5128205128205128,0.5,0.4842105263157894,0.48717948717948717,0.5,0.4631578947368421,39,12.88,2026-09-24T22:53:09+00:00
47,0.5128205128205128,0.5,0.5210526315789473,0.5128205128205128,0.5,0.5947368421052631,39,12.9,2026-09-24T22:53:22+00:00
48,0.5128205128205128,0.5,0.4842105263157894,0.5128205128205128,0.5026315789473684,0.5631578947368421,39,13.1,2026-09-24T22:53:35+00:00
49,0.5128205128205128,0.5,0.5263157894736842,0.5128205128205128,0.5,0.5921052631578947,39,13.08,2026-09-24T22:53:48+00:00
50,0.5128205128205128,0.5,0.513157894736842,0.4358974358974359,0.4421052631578948,0.47105263157894733,39,13.11,2026-09-24T22:54:02+00:00
